<?xml version="1.0" encoding="UTF-8" standalone="no"?>
<theme>
  <version><![CDATA[1.00]]></version>
  <uiVersion>2</uiVersion>
  <author><![CDATA[Alisu]]></author>
  <designer><![CDATA[Alisu]]></designer>
  <title><![CDATA[icons]]></title>
  <description string="true"/>
  <authors>
    <author locale="zh_CN"><![CDATA[@ItsShahinShah]]></author>
  </authors>
  <designers>
    <designer locale="zh_CN"><![CDATA[Alisu]]></designer>
  </designers>
  <titles>
    <title locale="zh_CN"><![CDATA[custom icons]]></title>
  </titles>
  <description string="true"/>
</theme>